<?xml version="1.0" encoding="UTF-8" ?>
<!DOCTYPE mapper
        PUBLIC "-//mybatis.org//DTD Mapper 3.0//EN"
        "http://mybatis.org/dtd/mybatis-3-mapper.dtd">

<mapper namespace="com.suyu.secexample.sql.mapper.UserMapper">
    <select id="listUser" resultType="com.suyu.secexample.sql.dao.User">
        select * from mybatis.user;
    </select>

    <select id="listUserByName" parameterType="com.suyu.secexample.sql.dao.pojo.UserQuery" resultType="com.suyu.secexample.sql.dao.User">
        select * from mybatis.user
            <where>
                <if test="name != null and name != ''">
                    name ='${name}'
                </if>
            </where>
    </select>

    <insert id="addUser" parameterType="com.suyu.secexample.csrf.model.User">
        insert into user(id,name,pwd)
        values (#{id},#{name},#{pwd})
    </insert>

</mapper>
